create table GenderType (
gender VARCHAR(6) PRIMARY KEY
);

Insert into GenderType Values ('Male'),('Female'),('Trans');

Create table RegionType (
region varchar(9) primary KEY
);

insert into RegionType values ('Bangalore'),('Chennai'),('Delhi'),('Mumbai');

Create table AccountType (
account CHAR(7) primary KEY
);

insert into AccountType values ('Current'),('Savings');

Create table StatusType (
status varchar(7) primary KEY
);

insert into StatusType values ('Active'),('Dormant'),('Closed');

create table TransactionType (
transaction_type varchar(10) primary KEY
);

insert into TransactionType values ('Withdrawal'),('Account'),('Mobile');

create table MerchantType (
merchant varchar(8) primary key
);

insert into MerchantType values ('Personal'),('Retail'),('Business');

create table ChannelType (
channel varchar(6) primary KEY
);

insert into ChannelType values ('ATM'),('Branch'),('Online');

CREATE TABLE Customers_Data (
    customer_id VARCHAR(7) PRIMARY KEY,
    first_name VARCHAR(50),
    last_name VARCHAR(50),
    age INT,
    gender VARCHAR(6),
    income DECIMAL(12, 2),
    region VARCHAR(50),
    join_date DATE,
    FOREIGN KEY (gender) REFERENCES GenderType(gender),
    FOREIGN key (region) references RegionType(region)
    );
    
INSERT INTO Customers_Data (customer_id, first_name, last_name, age, gender, income, region, join_date) VALUES
('CID1001', 'Shawn', 'Thompson', 56, 'Male', 135294.37, 'Bangalore', '2024-01-01'),
('CID1002', 'Michael', 'Shaw', 21, 'Male', 176760.02, 'Chennai', '2024-01-01'),
('CID1003', 'Michelle', 'Williams', 52, 'Male', 191522.27, 'Bangalore', '2023-11-01'),
('CID1004', 'Erin', 'Silva', 34, 'Male', 220600.78, 'Mumbai', '2023-11-01'),
('CID1005', 'Eugene', 'Anderson', 53, 'Male', 207350.93, 'Mumbai', '2023-11-01'),
('CID1006', 'Kimberly', 'Williams', 32, 'Female', 252938.60, 'Delhi', '2023-11-01'),
('CID1007', 'Mark', 'Vaughn', 50, 'Male', 282058.98, 'Delhi', '2023-09-01'),
('CID1008', 'Jeanette', 'Perez', 31, 'Female', 336338.75, 'Chennai', '2023-09-01'),
('CID1009', 'Danny', 'Chase', 19, 'Male', 343743.06, 'Mumbai', '2023-08-01'),
('CID1010', 'Edward', 'Washington', 50, 'Trans', 468280.11, 'Bangalore', '2023-05-01'),
('CID1011', 'Natasha', 'Romanoff', 57, 'Male', 60800.80, 'Chennai', '2023-05-01'),
('CID1012', 'Kelly', 'Sherman', 39, 'Male', 520383.15, 'Bangalore', '2023-04-01'),
('CID1013', 'Donna', 'Lopez', 62, 'Female', 63467.43, 'Delhi', '2023-03-01'),
('CID1014', 'Jason', 'Lewis', 22, 'Male', 66975.28, 'Chennai', '2023-03-01'),
('CID1015', 'Elizabeth', 'White', 47, 'Male', 425962.73, 'Mumbai', '2023-03-01'),
('CID1016', 'Kelsey', 'Jenkins', 22, 'Male', 422024.91, 'Delhi', '2023-01-01'),
('CID1017', 'Mark', 'Martinez', 22, 'Male', 488613.49, 'Delhi', '2022-12-01'),
('CID1018', 'Nicole', 'Davis', 26, 'Female', 81072.85, 'Bangalore', '2022-12-01'),
('CID1019', 'Kristine', 'Andrews', 25, 'Male', 478565.39, 'Chennai', '2022-12-01'),
('CID1020', 'Maria', 'Taylor', 56, 'Male', 67167.28, 'Mumbai', '2022-11-01'),
('CID1021', 'Elizabeth', 'Wallace', 60, 'Male', 98207.54, 'Bangalore', '2022-11-01'),
('CID1022', 'James', 'Solomon', 46, 'Female', 96529.52, 'Delhi', '2022-10-01'),
('CID1023', 'Christina', 'Stafford', 31, 'Female', 86011.38, 'Chennai', '2022-09-01'),
('CID1024', 'Jessica', 'Simmons', 21, 'Female', 76564.11, 'Chennai', '2022-06-01'),
('CID1025', 'Christopher', 'Petersen', 30, 'Female', 103027.86, 'Bangalore', '2022-06-01'),
('CID1026', 'Derek', 'Frazier', 31, 'Male', 117679.05, 'Mumbai', '2022-05-01'),
('CID1027', 'Angel', 'Meyer', 39, 'Female', 112857.10, 'Chennai', '2022-05-01'),
('CID1028', 'Paula', 'Owens', 26, 'Male', 142841.27, 'Bangalore', '2022-05-01'),
('CID1029', 'Rodney', 'Ball', 31, 'Female', 142576.31, 'Delhi', '2022-05-01'),
('CID1030', 'Eric', 'Baker', 29, 'Female', 108791.70, 'Bangalore', '2022-04-01'),
('CID1031', 'Nicholas', 'Hall', 18, 'Male', 88558.19, 'Mumbai', '2022-03-01'),
('CID1032', 'Caleb', 'Wade', 60, 'Female', 157335.64, 'Chennai', '2022-02-01'),
('CID1033', 'Robert', 'Vargas', 57, 'Female', 113321.88, 'Bangalore', '2022-02-01'),
('CID1034', 'Sharon', 'Matthews', 22, 'Male', 157778.31, 'Mumbai', '2022-01-01'),
('CID1035', 'Andrew', 'Newton', 39, 'Female', 166516.89, 'Delhi', '2022-01-01'),
('CID1036', 'Robert', 'Beck', 30, 'Male', 109602.82, 'Chennai', '2021-12-01'),
('CID1037', 'Karina', 'Davenport', 28, 'Female', 149312.70, 'Mumbai', '2021-11-01'),
('CID1038', 'Brandon', 'Henderson', 36, 'Female', 159928.14, 'Delhi', '2021-10-01'),
('CID1039', 'Darren', 'Wilson', 44, 'Male', 194894.18, 'Mumbai', '2021-10-01'),
('CID1040', 'Ashley', 'Nelson', 27, 'Female', 196448.84, 'Chennai', '2021-09-01'),
('CID1041', 'Amber', 'Church', 52, 'Male', 190472.76, 'Delhi', '2021-09-01'),
('CID1042', 'Lisa', 'Harding', 38, 'Female', 157189.21, 'Bangalore', '2021-09-01'),
('CID1043', 'Ashlee', 'Price', 42, 'Female', 147477.44, 'Delhi', '2021-08-01'),
('CID1044', 'Mary', 'Harris', 35, 'Male', 153616.79, 'Chennai', '2021-07-01'),
('CID1045', 'Jackie', 'Randolph', 27, 'Female', 243162.37, 'Delhi', '2021-07-01'),
('CID1046', 'Jordan', 'Proctor', 29, 'Female', 198714.02, 'Delhi', '2021-06-01'),
('CID1047', 'Crystal', 'Mills', 55, 'Female', 225326.69, 'Mumbai', '2021-03-01'),
('CID1048', 'Hannah', 'Flynn', 46, 'Female', 242113.00, 'Bangalore', '2021-03-01'),
('CID1049', 'Terry', 'Gutierrez', 64, 'Male', 170495.81, 'Bangalore', '2021-03-01'),
('CID1050', 'Natasha', 'Weber', 39, 'Female', 205820.27, 'Mumbai', '2021-01-01'),
('CID1051', 'Ellen', 'Garcia', 31, 'Male', 242401.99, 'Mumbai', '2020-12-01'),
('CID1052', 'Daniel', 'Garcia', 36, 'Female', 221806.86, 'Chennai', '2020-08-01'),
('CID1053', 'Sarah', 'Ayala', 41, 'Female', 246675.57, 'Bangalore', '2020-07-01'),
('CID1054', 'Juan', 'Mclean', 46, 'Male', 365948.01, 'Chennai', '2020-05-01'),
('CID1055', 'Ashley', 'Moore', 59, 'Female', 269716.79, 'Mumbai', '2020-05-01'),
('CID1056', 'Christine', 'Parker', 64, 'Female', 370580.57, 'Delhi', '2020-04-01'),
('CID1057', 'James', 'Rogers', 29, 'Male', 370478.19, 'Bangalore', '2020-03-01'),
('CID1058', 'Robin', 'Marshall', 28, 'Male', 241473.41, 'Chennai', '2020-03-01'),
('CID1059', 'Diana', 'Aguilar', 27, 'Male', 319043.88, 'Chennai', '2020-02-01'),
('CID1060', 'Stephanie', 'Norman', 53, 'Female', 429016.63, 'Delhi', '2020-02-01'),
('CID1061', 'Tanya', 'Trujillo', 48, 'Female', 407017.73, 'Mumbai', '2020-02-01'),
('CID1062', 'Renee', 'Gonzales', 39, 'Male', 389984.77, 'Delhi', '2020-01-01'),
('CID1063', 'Eugene', 'Rowland', 37, 'Female', 500779.59, 'Mumbai', '2020-01-01'),
('CID1064', 'Kimberly', 'Moore', 21, 'Male', 335614.63, 'Bangalore', '2019-12-01'),
('CID1065', 'Jessica', 'Cole', 48, 'Female', 421535.21, 'Delhi', '2019-12-01'),
('CID1066', 'Anna', 'Bennett', 34, 'Female', 474816.22, 'Bangalore', '2019-11-01'),
('CID1067', 'Jennifer', 'Mcdonald', 22, 'Male', 290139.07, 'Chennai', '2019-11-01'),
('CID1068', 'Kevin', 'Rhodes', 42, 'Female', 337271.88, 'Mumbai', '2019-11-01'),
('CID1069', 'Barbara', 'Day', 36, 'Male', 358934.87, 'Bangalore', '2019-10-01'),
('CID1070', 'Edward', 'Garcia', 37, 'Male', 319892.10, 'Bangalore', '2019-09-01'),
('CID1071', 'Cheryl', 'Ortiz', 21, 'Male', 551187.66, 'Delhi', '2019-08-01'),
('CID1072', 'Theresa', 'Bolton', 65, 'Male', 374494.54, 'Mumbai', '2019-07-01'),
('CID1073', 'Mitchell', 'Rhodes', 27, 'Female', 383038.75, 'Mumbai', '2019-06-01'),
('CID1074', 'John', 'Rodriguez', 22, 'Female', 347805.40, 'Mumbai', '2019-06-01'),
('CID1075', 'Garrett', 'Chase', 23, 'Female', 440823.09, 'Mumbai', '2019-06-01'),
('CID1076', 'Tara', 'Ramos', 38, 'Male', 571663.13, 'Delhi', '2019-06-01'),
('CID1077', 'Colleen', 'Calhoun', 47, 'Male', 562513.24, 'Delhi', '2019-06-01'),
('CID1078', 'Brent', 'Adams', 44, 'Female', 368237.21, 'Chennai', '2019-04-01'),
('CID1079', 'Helen', 'Donaldson', 53, 'Female', 370275.19, 'Bangalore', '2019-04-01'),
('CID1080', 'Thomas', 'Velez', 41, 'Female', 428258.09, 'Delhi', '2019-03-01'),
('CID1081', 'Sharon', 'Pierce', 41, 'Male', 436358.19, 'Chennai', '2019-02-01'),
('CID1082', 'Jeffery', 'Wells', 50, 'Female', 465674.96, 'Chennai', '2019-02-01'),
('CID1083', 'Lee', 'Ford', 40, 'Female', 409029.35, 'Chennai', '2019-01-01'),
('CID1084', 'Jacob', 'Miller', 57, 'Female', 582874.54, 'Mumbai', '2019-01-01'),
('CID1085', 'Jeffrey', 'Thomas', 24, 'Female', 563149.44, 'Mumbai', '2019-01-01'),
('CID1086', 'Scott', 'Smith', 27, 'Male', 422158.57, 'Delhi', '2018-12-01'),
('CID1087', 'Cassandra', 'Smith', 44, 'Male', 686721.41, 'Bangalore', '2018-11-01'),
('CID1088', 'John', 'Clarke', 51, 'Female', 624219.41, 'Chennai', '2018-11-01'),
('CID1089', 'Leroy', 'Lee', 52, 'Female', 695185.78, 'Chennai', '2018-10-01'),
('CID1090', 'Shannon', 'Diaz', 18, 'Female', 423495.95, 'Chennai', '2018-09-01'),
('CID1091', 'Maria', 'Baker', 23, 'Male', 720036.77, 'Bangalore', '2018-07-01'),
('CID1092', 'Chelsea', 'Crane', 41, 'Male', 674882.01, 'Chennai', '2018-06-01'),
('CID1093', 'Sarah', 'Alvarado', 28, 'Female', 710409.57, 'Chennai', '2018-06-01'),
('CID1094', 'Jasmine', 'Baldwin', 39, 'Female', 722988.11, 'Bangalore', '2018-06-01'),
('CID1095', 'Patricia', 'Mcdowell', 62, 'Female', 553799.63, 'Bangalore', '2018-04-01'),
('CID1096', 'Amber', 'Morales', 36, 'Male', 745545.59, 'Chennai', '2018-03-01'),
('CID1097', 'Diana', 'Anderson', 59, 'Female', 899828.48, 'Delhi', '2018-03-01'),
('CID1098', 'Kara', 'Taylor', 53, 'Female', 544983.04, 'Chennai', '2018-03-01'),
('CID1099', 'Matthew', 'Zamora', 28, 'Female', 605517.46, 'Bangalore', '2018-02-01'),
('CID1100', 'Alejandro', 'Mcgee', 54, 'Female', 778952.51, 'Mumbai', '2018-01-01');

Create table Accounts (
account_id bigint Primary key,
customer_id Varchar(7),
account varchar(7),
balance decimal(12,2),
open_date DATE,
status varchar(7),
foreign key (customer_id) references Customers_Data(customer_id),
foreign key (account) references AccountType(account),
foreign key (status) references StatusType(status)
);

INSERT INTO Accounts (account_id, customer_id, account, balance, open_date, status) VALUES
(100259344834, 'CID1001', 'Current', 1146.00, '2024-01-06', 'Active'),
(100253373050, 'CID1002', 'Current', 7363.00, '2024-01-02', 'Dormant'),
(100251239375, 'CID1003', 'Current', 5546.00, '2023-11-02', 'Closed'),
(100252120904, 'CID1004', 'Current', 8571.00, '2023-11-04', 'Closed'),
(100258678427, 'CID1005', 'Current', 9538.00, '2023-11-02', 'Closed'),
(100255983733, 'CID1006', 'Current', 2463.00, '2023-11-04', 'Closed'),
(100257324866, 'CID1007', 'Current', 8513.00, '2023-09-05', 'Active'),
(100252331280, 'CID1008', 'Current', 7251.00, '2023-09-04', 'Active'),
(100254679534, 'CID1009', 'Current', 1335.00, '2023-08-04', 'Dormant'),
(100253986463, 'CID1010', 'Current', 8443.00, '2023-05-06', 'Dormant'),
(100256657043, 'CID1011', 'Current', 8475.00, '2023-05-05', 'Dormant'),
(100255684426, 'CID1012', 'Current', 6746.00, '2023-04-06', 'Dormant'),
(100257411417, 'CID1013', 'Current', 2515.00, '2023-03-02', 'Dormant'),
(100257127572, 'CID1014', 'Current', 1306.00, '2023-03-06', 'Dormant'),
(100255693505, 'CID1015', 'Current', 1237.00, '2023-03-06', 'Active'),
(100256102313, 'CID1016', 'Current', 4998.00, '2023-01-02', 'Active'),
(100258214236, 'CID1017', 'Current', 8251.00, '2022-12-04', 'Active'),
(100256483981, 'CID1018', 'Current', 8246.00, '2022-12-05', 'Active'),
(100251303120, 'CID1019', 'Current', 5248.00, '2022-12-05', 'Active'),
(100254826920, 'CID1020', 'Current', 1261.00, '2022-11-04', 'Active'),
(100259684508, 'CID1021', 'Current', 8791.00, '2022-11-02', 'Active'),
(100255376444, 'CID1022', 'Current', 8091.00, '2022-10-06', 'Active'),
(100251493651, 'CID1023', 'Current', 8387.00, '2022-09-03', 'Active'),
(100251741737, 'CID1024', 'Savings', 80863.00, '2022-06-06', 'Active'),
(100255190619, 'CID1025', 'Savings', 31991.00, '2022-06-04', 'Active'),
(100254988745, 'CID1026', 'Savings', 58604.00, '2022-05-06', 'Active'),
(100251343917, 'CID1027', 'Savings', 31954.00, '2022-05-05', 'Active'),
(100256995164, 'CID1028', 'Savings', 90371.00, '2022-05-03', 'Active'),
(100253317945, 'CID1029', 'Savings', 25584.00, '2022-05-06', 'Active'),
(100259283606, 'CID1030', 'Savings', 23476.00, '2022-04-06', 'Active'),
(100259423427, 'CID1031', 'Savings', 74445.00, '2022-03-02', 'Active'),
(100259679344, 'CID1032', 'Savings', 65015.00, '2022-02-05', 'Active'),
(100259767105, 'CID1033', 'Savings', 73957.00, '2022-02-05', 'Active'),
(100252692881, 'CID1034', 'Savings', 53221.00, '2022-01-04', 'Active'),
(100256866206, 'CID1035', 'Savings', 59419.00, '2022-01-05', 'Active'),
(100252915297, 'CID1036', 'Savings', 50966.00, '2021-12-04', 'Active'),
(100251564712, 'CID1037', 'Savings', 26821.00, '2021-11-06', 'Active'),
(100256222766, 'CID1038', 'Savings', 69783.00, '2021-10-06', 'Active'),
(100257272542, 'CID1039', 'Savings', 32978.00, '2021-10-02', 'Active'),
(100252095315, 'CID1040', 'Savings', 75466.00, '2021-09-04', 'Active'),
(100254821670, 'CID1041', 'Savings', 39695.00, '2021-09-03', 'Active'),
(100254451566, 'CID1042', 'Savings', 53757.00, '2021-09-03', 'Active'),
(100257475666, 'CID1043', 'Savings', 28173.00, '2021-08-04', 'Active'),
(100258969689, 'CID1044', 'Savings', 83101.00, '2021-07-02', 'Active'),
(100251115018, 'CID1045', 'Savings', 72052.00, '2021-07-02', 'Active'),
(100251414290, 'CID1046', 'Savings', 31875.00, '2021-06-05', 'Active'),
(100256257841, 'CID1047', 'Savings', 91400.00, '2021-03-06', 'Active'),
(100253003490, 'CID1048', 'Savings', 43905.00, '2021-03-03', 'Active'),
(100254205745, 'CID1049', 'Savings', 12214.00, '2021-03-02', 'Active'),
(100256608905, 'CID1050', 'Savings', 93036.00, '2021-01-06', 'Active'),
(100258720263, 'CID1051', 'Savings', 54436.00, '2020-12-03', 'Active'),
(100252096053, 'CID1052', 'Savings', 33522.00, '2020-08-04', 'Active'),
(100251390850, 'CID1053', 'Savings', 73318.00, '2020-07-04', 'Active'),
(100256725187, 'CID1054', 'Savings', 14766.00, '2020-05-03', 'Active'),
(100254966386, 'CID1055', 'Savings', 54385.00, '2020-05-06', 'Active'),
(100251101451, 'CID1056', 'Savings', 65027.00, '2020-04-05', 'Active'),
(100255221133, 'CID1057', 'Savings', 92226.00, '2020-03-05', 'Active'),
(100256655220, 'CID1058', 'Savings', 11890.00, '2020-03-04', 'Active'),
(100256071890, 'CID1059', 'Savings', 53607.00, '2020-02-05', 'Active'),
(100258423890, 'CID1060', 'Savings', 10842.00, '2020-02-06', 'Active'),
(100255692273, 'CID1061', 'Savings', 18954.00, '2020-02-06', 'Active'),
(100258635348, 'CID1062', 'Savings', 37066.00, '2020-01-05', 'Active'),
(100257338081, 'CID1063', 'Savings', 73671.00, '2020-01-04', 'Active'),
(100255341445, 'CID1064', 'Savings', 93435.00, '2019-12-03', 'Active'),
(100259810050, 'CID1065', 'Savings', 22073.00, '2019-12-06', 'Active'),
(100258641745, 'CID1066', 'Savings', 57050.00, '2019-11-02', 'Active'),
(100253401698, 'CID1067', 'Savings', 99004.00, '2019-11-04', 'Active'),
(100254392488, 'CID1068', 'Savings', 55077.00, '2019-11-06', 'Active'),
(100254355540, 'CID1069', 'Savings', 20911.00, '2019-10-06', 'Active'),
(100252137196, 'CID1070', 'Savings', 40413.00, '2019-09-05', 'Active'),
(100251728802, 'CID1071', 'Savings', 11136.00, '2019-08-06', 'Active'),
(100254850487, 'CID1072', 'Savings', 65905.00, '2019-07-05', 'Active'),
(100251043872, 'CID1073', 'Savings', 10113.00, '2019-06-04', 'Active'),
(100258292069, 'CID1074', 'Savings', 10768.00, '2019-06-03', 'Active'),
(100257994327, 'CID1075', 'Savings', 97306.00, '2019-06-06', 'Active'),
(100259969717, 'CID1076', 'Savings', 63869.00, '2019-06-05', 'Active'),
(100259073506, 'CID1077', 'Savings', 54670.00, '2019-06-04', 'Active'),
(100258337812, 'CID1078', 'Savings', 78430.00, '2019-04-05', 'Active'),
(100257630845, 'CID1079', 'Savings', 41051.00, '2019-04-04', 'Closed'),
(100254197988, 'CID1080', 'Savings', 76093.00, '2019-03-05', 'Closed'),
(100258317342, 'CID1081', 'Savings', 84506.00, '2019-02-05', 'Closed'),
(100252260630, 'CID1082', 'Savings', 38837.00, '2019-02-04', 'Closed'),
(100259272910, 'CID1083', 'Savings', 13189.00, '2019-01-02', 'Closed'),
(100255824151, 'CID1084', 'Savings', 50051.00, '2019-01-06', 'Active'),
(100259386502, 'CID1085', 'Savings', 86862.00, '2019-01-05', 'Active'),
(100257609243, 'CID1086', 'Savings', 77067.00, '2018-12-02', 'Active'),
(100255297950, 'CID1087', 'Savings', 93057.00, '2018-11-04', 'Active'),
(100256552544, 'CID1088', 'Savings', 95520.00, '2018-11-06', 'Active'),
(100253144534, 'CID1089', 'Savings', 37015.00, '2018-10-05', 'Active'),
(100252949003, 'CID1090', 'Savings', 57283.00, '2018-09-04', 'Active'),
(100257819119, 'CID1091', 'Savings', 47546.00, '2018-07-02', 'Active'),
(100257625698, 'CID1092', 'Savings', 63149.00, '2018-06-04', 'Active'),
(100258585842, 'CID1093', 'Savings', 92618.00, '2018-06-02', 'Dormant'),
(100257156394, 'CID1094', 'Savings', 62661.00, '2018-06-06', 'Dormant'),
(100253647806, 'CID1095', 'Savings', 36533.00, '2018-04-05', 'Dormant'),
(100252938411, 'CID1096', 'Savings', 94470.00, '2018-03-03', 'Closed'),
(100257728309, 'CID1097', 'Savings', 93435.00, '2018-03-02', 'Closed'),
(100257895008, 'CID1098', 'Savings', 32504.00, '2018-03-05', 'Closed'),
(100255030491, 'CID1099', 'Savings', 20941.00, '2018-02-03', 'Closed'),
(100251506191, 'CID1100', 'Savings', 96883.00, '2018-01-06', 'Closed');

Create table Products (
product_id varchar(6) Primary key,
product_name varchar(50)
);

insert into Products values 
('PRO001', 'Credit Card'),
('PRO002', 'Personal Loan'),
('PRO003', 'Home Loan'),
('PRO004', 'Auto Loan'),
('PRO005', 'Education Loan'),
('PRO006', 'Gold Loan'),
('PRO007', 'Debit Card'),
('PRO008', 'Overdraft Facility'),
('PRO009', 'Business Loan'),
('PRO010', 'Recurring Deposit'),
('PRO011', 'Fixed Deposit'),
('PRO012', 'Demat'),
('PRO013', 'Senior Citizens Scheme'),
('PRO014', 'Travel Credit Card'),
('PRO015', 'NRI Savings Account');

Create table Customer_Products (
customer_id varchar(7),
product_id varchar(6),
start_date DATE,
status varchar(7),
foreign key (customer_id) references Customers_Data(customer_id),
foreign key (product_id) references Products(product_id),
foreign key (status) references StatusType(status)
);

insert into Customer_Products VALUES
('CID1072', 'PRO013', '2024-01-22', 'Active'),
('CID1049', 'PRO013', '2024-03-01', 'Dormant'),
('CID1056', 'PRO013', '2023-11-07', 'Closed'),
('CID1013', 'PRO013', '2023-12-06', 'Closed'),
('CID1095', 'PRO013', '2023-12-07', 'Closed'),
('CID1021', 'PRO013', '2024-01-03', 'Closed'),
('CID1032', 'PRO013', '2023-10-13', 'Active'),
('CID1055', 'PRO008', '2023-10-30', 'Active'),
('CID1097', 'PRO008', '2023-08-24', 'Dormant'),
('CID1011', 'PRO008', '2023-05-15', 'Dormant'),
('CID1033', 'PRO008', '2023-05-25', 'Dormant'),
('CID1084', 'PRO008', '2023-04-27', 'Dormant'),
('CID1001', 'PRO008', '2023-04-25', 'Dormant'),
('CID1020', 'PRO008', '2023-04-08', 'Dormant'),
('CID1047', 'PRO008', '2023-05-04', 'Active'),
('CID1100', 'PRO015', '2023-01-21', 'Active'),
('CID1005', 'PRO015', '2023-01-16', 'Active'),
('CID1060', 'PRO015', '2023-01-19', 'Active'),
('CID1079', 'PRO015', '2022-12-31', 'Active'),
('CID1098', 'PRO015', '2023-01-03', 'Active'),
('CID1003', 'PRO015', '2022-11-27', 'Active'),
('CID1041', 'PRO001', '2022-11-27', 'Active'),
('CID1089', 'PRO001', '2022-09-09', 'Active'),
('CID1088', 'PRO001', '2022-06-11', 'Active'),
('CID1007', 'PRO001', '2022-06-24', 'Active'),
('CID1010', 'PRO001', '2022-06-15', 'Active'),
('CID1082', 'PRO001', '2022-07-04', 'Active'),
('CID1061', 'PRO001', '2022-06-25', 'Active'),
('CID1065', 'PRO001', '2022-06-26', 'Active'),
('CID1015', 'PRO001', '2022-05-15', 'Active'),
('CID1077', 'PRO001', '2022-03-15', 'Active'),
('CID1022', 'PRO001', '2022-03-29', 'Active'),
('CID1048', 'PRO001', '2022-03-24', 'Active'),
('CID1054', 'PRO014', '2022-01-17', 'Active'),
('CID1039', 'PRO014', '2022-01-31', 'Active'),
('CID1078', 'PRO014', '2021-12-27', 'Active'),
('CID1087', 'PRO004', '2021-12-30', 'Active'),
('CID1043', 'PRO004', '2021-10-08', 'Active'),
('CID1068', 'PRO004', '2021-11-26', 'Active'),
('CID1053', 'PRO004', '2021-09-15', 'Active'),
('CID1080', 'PRO004', '2021-09-09', 'Active'),
('CID1081', 'PRO004', '2021-09-28', 'Active'),
('CID1092', 'PRO004', '2021-09-13', 'Active'),
('CID1083', 'PRO004', '2021-07-16', 'Active'),
('CID1012', 'PRO004', '2021-07-08', 'Active'),
('CID1027', 'PRO004', '2021-06-12', 'Active'),
('CID1035', 'PRO014', '2021-04-21', 'Active'),
('CID1050', 'PRO014', '2021-03-23', 'Active'),
('CID1062', 'PRO014', '2021-04-05', 'Active'),
('CID1094', 'PRO006', '2021-02-09', 'Active'),
('CID1042', 'PRO006', '2021-01-13', 'Active'),
('CID1076', 'PRO006', '2020-09-19', 'Active'),
('CID1063', 'PRO006', '2020-08-12', 'Active'),
('CID1070', 'PRO006', '2020-05-05', 'Active'),
('CID1038', 'PRO006', '2020-05-14', 'Active'),
('CID1052', 'PRO012', '2020-05-16', 'Active'),
('CID1069', 'PRO007', '2020-04-01', 'Active'),
('CID1096', 'PRO007', '2020-03-24', 'Active'),
('CID1044', 'PRO007', '2020-04-02', 'Active'),
('CID1004', 'PRO007', '2020-03-08', 'Active'),
('CID1066', 'PRO007', '2020-03-15', 'Active'),
('CID1006', 'PRO007', '2020-01-13', 'Active'),
('CID1008', 'PRO012', '2020-02-05', 'Active'),
('CID1023', 'PRO012', '2019-12-24', 'Active'),
('CID1026', 'PRO012', '2019-12-20', 'Active'),
('CID1029', 'PRO012', '2019-11-20', 'Active'),
('CID1051', 'PRO011', '2019-11-16', 'Active'),
('CID1025', 'PRO011', '2020-01-05', 'Active'),
('CID1036', 'PRO002', '2019-10-22', 'Active'),
('CID1030', 'PRO002', '2019-10-14', 'Active'),
('CID1046', 'PRO002', '2019-09-23', 'Active'),
('CID1057', 'PRO002', '2019-08-18', 'Active'),
('CID1037', 'PRO002', '2019-07-10', 'Active'),
('CID1058', 'PRO002', '2019-06-26', 'Active'),
('CID1093', 'PRO002', '2019-06-29', 'Active'),
('CID1099', 'PRO002', '2019-07-11', 'Active'),
('CID1040', 'PRO011', '2019-07-17', 'Active'),
('CID1045', 'PRO003', '2019-04-16', 'Active'),
('CID1059', 'PRO003', '2019-05-19', 'Closed'),
('CID1073', 'PRO003', '2019-04-26', 'Closed'),
('CID1086', 'PRO003', '2019-03-06', 'Closed'),
('CID1018', 'PRO003', '2019-04-05', 'Closed'),
('CID1028', 'PRO009', '2019-01-16', 'Closed'),
('CID1019', 'PRO009', '2019-01-11', 'Active'),
('CID1085', 'PRO009', '2019-01-15', 'Active'),
('CID1075', 'PRO009', '2018-12-19', 'Active'),
('CID1091', 'PRO009', '2018-11-17', 'Active'),
('CID1014', 'PRO011', '2018-11-16', 'Active'),
('CID1016', 'PRO011', '2018-11-20', 'Active'),
('CID1017', 'PRO005', '2018-10-31', 'Active'),
('CID1034', 'PRO005', '2018-08-28', 'Active'),
('CID1067', 'PRO005', '2018-06-23', 'Active'),
('CID1074', 'PRO005', '2018-07-29', 'Dormant'),
('CID1002', 'PRO010', '2018-07-30', 'Dormant'),
('CID1024', 'PRO010', '2018-04-17', 'Dormant'),
('CID1064', 'PRO010', '2018-04-07', 'Closed'),
('CID1071', 'PRO010', '2018-04-26', 'Closed'),
('CID1009', 'PRO010', '2018-04-22', 'Closed'),
('CID1031', 'PRO010', '2018-03-06', 'Closed'),
('CID1090', 'PRO011', '2018-01-08', 'Closed');

CREATE TABLE Transactions (
    transaction_id BIGINT PRIMARY KEY,
    account_id BIGINT,
    transaction_date DATE,
    amount DECIMAL(10,2),
    transaction_type VARCHAR(10),
    merchant VARCHAR(8),
    channel VARCHAR(6),
    FOREIGN KEY (account_id) REFERENCES Accounts(account_id),
    FOREIGN KEY (transaction_type) REFERENCES TransactionType(transaction_type),
    FOREIGN KEY (merchant) REFERENCES MerchantType(merchant),
    FOREIGN KEY (channel) REFERENCES ChannelType(channel)
);

insert into Transactions values 
(460971, 100251115018, '2021-08-16', 4068.00, 'Withdrawal', 'Personal', 'ATM'),
(256739, 100259679344, '2022-03-09', 1871.00, 'Account', 'Retail', 'Branch'),
(814965, 100253003490, '2021-04-20', 3217.00, 'Account', 'Retail', 'Branch'),
(503750, 100256071890, '2020-04-04', 2004.00, 'Account', 'Retail', 'Branch'),
(207969, 100257994327, '2019-08-20', 1282.00, 'Account', 'Retail', 'Branch'),
(640963, 100254821670, '2021-10-14', 1582.00, 'Withdrawal', 'Personal', 'ATM'),
(329362, 100251303120, '2022-12-24', 2943.00, 'Account', 'Retail', 'Branch'),
(316857, 100257272542, '2021-11-10', 347.00, 'Account', 'Retail', 'Branch'),
(752860, 100258720263, '2021-01-23', 1351.00, 'Withdrawal', 'Personal', 'ATM'),
(315700, 100258317342, '2019-04-27', 4662.00, 'Withdrawal', 'Personal', 'ATM'),
(432959, 100253144534, '2019-01-02', 1008.00, 'Withdrawal', 'Personal', 'ATM'),
(846466, 100258641745, '2020-01-07', 2445.00, 'Account', 'Retail', 'Branch'),
(151322, 100259969717, '2019-08-20', 2929.00, 'Account', 'Retail', 'Branch'),
(794594, 100254451566, '2021-10-15', 3645.00, 'Mobile', 'Business', 'Online'),
(727749, 100257324866, '2023-09-12', 3802.00, 'Account', 'Retail', 'Branch'),
(584959, 100254451566, '2021-10-15', 1706.00, 'Mobile', 'Business', 'Online'),
(688041, 100259386502, '2019-03-31', 1636.00, 'Withdrawal', 'Personal', 'ATM'),
(220684, 100251741737, '2022-06-30', 1538.00, 'Withdrawal', 'Personal', 'ATM'),
(440164, 100258317342, '2019-04-27', 462.00, 'Withdrawal', 'Personal', 'ATM'),
(316949, 100252331280, '2023-09-12', 4179.00, 'Account', 'Retail', 'Branch'),
(497976, 100258635348, '2020-03-07', 3562.00, 'Mobile', 'Business', 'Online'),
(220247, 100251564712, '2021-12-13', 1611.00, 'Withdrawal', 'Personal', 'ATM'),
(120680, 100257728309, '2018-06-07', 2039.00, 'Mobile', 'Business', 'Online'),
(930716, 100255297950, '2019-01-30', 1068.00, 'Mobile', 'Business', 'Online'),
(570326, 100256995164, '2022-05-31', 2548.00, 'Withdrawal', 'Personal', 'ATM'),
(913132, 100251115018, '2021-08-16', 4148.00, 'Account', 'Retail', 'Branch'),
(272675, 100256866206, '2022-02-09', 2681.00, 'Withdrawal', 'Personal', 'ATM'),
(962695, 100255030491, '2018-05-13', 1371.00, 'Mobile', 'Business', 'Online'),
(324677, 100252120904, '2023-11-08', 1695.00, 'Account', 'Retail', 'Branch'),
(977146, 100253317945, '2022-06-04', 4886.00, 'Withdrawal', 'Personal', 'ATM'),
(306383, 100259073506, '2019-08-20', 2333.00, 'Mobile', 'Business', 'Online'),
(388048, 100252692881, '2022-02-07', 1700.00, 'Account', 'Retail', 'Branch'),
(503983, 100256657043, '2023-05-16', 4081.00, 'Withdrawal', 'Personal', 'ATM'),
(249333, 100256608905, '2021-02-25', 2823.00, 'Account', 'Retail', 'Branch'),
(407243, 100252938411, '2018-06-07', 2875.00, 'Mobile', 'Business', 'Online'),
(756001, 100254988745, '2022-06-01', 2342.00, 'Withdrawal', 'Personal', 'ATM'),
(688715, 100255692273, '2020-04-07', 2887.00, 'Account', 'Retail', 'Branch'),
(595072, 100252096053, '2020-09-25', 1189.00, 'Mobile', 'Business', 'Online'),
(764881, 100254197988, '2019-05-24', 4197.00, 'Account', 'Retail', 'Branch'),
(757872, 100254826920, '2022-11-24', 4182.00, 'Mobile', 'Business', 'Online'),
(626150, 100255297950, '2019-01-30', 1439.00, 'Account', 'Retail', 'Branch'),
(593266, 100252938411, '2018-06-07', 3524.00, 'Account', 'Retail', 'Branch'),
(889887, 100258969689, '2021-08-15', 839.00, 'Withdrawal', 'Personal', 'ATM'),
(895160, 100258423890, '2020-04-06', 1836.00, 'Mobile', 'Business', 'Online'),
(292872, 100257156394, '2018-09-08', 2667.00, 'Account', 'Retail', 'Branch'),
(620514, 100251343917, '2022-06-01', 680.00, 'Withdrawal', 'Personal', 'ATM'),
(515154, 100255693505, '2023-03-21', 3106.00, 'Account', 'Retail', 'Branch'),
(874033, 100256866206, '2022-02-09', 1000.00, 'Mobile', 'Business', 'Online'),
(754170, 100257994327, '2019-08-20', 272.00, 'Account', 'Retail', 'Branch'),
(749961, 100253373050, '2024-01-04', 4234.00, 'Withdrawal', 'Personal', 'ATM'),
(272459, 100252120904, '2023-11-08', 3526.00, 'Account', 'Retail', 'Branch'),
(244709, 100257338081, '2020-03-07', 1770.00, 'Mobile', 'Business', 'Online'),
(990001, 100252137196, '2019-11-14', 1166.00, 'Withdrawal', 'Personal', 'ATM'),
(317096, 100257895008, '2018-06-11', 2299.00, 'Withdrawal', 'Personal', 'ATM'),
(823568, 100256257841, '2021-04-22', 2685.00, 'Withdrawal', 'Personal', 'ATM'),
(655900, 100259073506, '2019-08-20', 2166.00, 'Account', 'Retail', 'Branch'),
(383264, 100257127572, '2023-03-20', 388.00, 'Withdrawal', 'Personal', 'ATM'),
(500737, 100257127572, '2023-03-20', 258.00, 'Withdrawal', 'Personal', 'ATM'),
(188778, 100255221133, '2020-05-01', 3657.00, 'Withdrawal', 'Personal', 'ATM'),
(676970, 100257630845, '2019-06-22', 3980.00, 'Account', 'Retail', 'Branch'),
(995146, 100252260630, '2019-04-27', 4235.00, 'Account', 'Retail', 'Branch'),
(731751, 100259810050, '2020-02-09', 1301.00, 'Account', 'Retail', 'Branch'),
(899080, 100259679344, '2022-03-09', 1383.00, 'Withdrawal', 'Personal', 'ATM'),
(520315, 100257127572, '2023-03-20', 2045.00, 'Account', 'Retail', 'Branch'),
(180274, 100257819119, '2018-10-01', 2782.00, 'Withdrawal', 'Personal', 'ATM'),
(818267, 100251343917, '2022-06-01', 778.00, 'Withdrawal', 'Personal', 'ATM'),
(615374, 100258635348, '2020-03-07', 4212.00, 'Account', 'Retail', 'Branch'),
(602041, 100258635348, '2020-03-07', 3136.00, 'Mobile', 'Business', 'Online'),
(606339, 100259272910, '2019-03-26', 3255.00, 'Mobile', 'Business', 'Online'),
(442609, 100254850487, '2019-09-15', 3401.00, 'Withdrawal', 'Personal', 'ATM'),
(942811, 100259272910, '2019-03-26', 2883.00, 'Mobile', 'Business', 'Online'),
(531398, 100259679344, '2022-03-09', 3993.00, 'Mobile', 'Business', 'Online'),
(642330, 100252692881, '2022-02-07', 2851.00, 'Mobile', 'Business', 'Online'),
(564245, 100256071890, '2020-04-04', 1344.00, 'Mobile', 'Business', 'Online'),
(498958, 100256657043, '2023-05-16', 2412.00, 'Withdrawal', 'Personal', 'ATM'),
(157918, 100252096053, '2020-09-25', 1480.00, 'Account', 'Retail', 'Branch'),
(456053, 100255297950, '2019-01-30', 1247.00, 'Mobile', 'Business', 'Online'),
(451137, 100256866206, '2022-02-09', 1988.00, 'Mobile', 'Business', 'Online'),
(838739, 100257994327, '2019-08-20', 1559.00, 'Account', 'Retail', 'Branch'),
(166978, 100257625698, '2018-09-04', 2511.00, 'Mobile', 'Business', 'Online'),
(511033, 100255341445, '2020-02-05', 1182.00, 'Mobile', 'Business', 'Online'),
(576716, 100257324866, '2023-09-12', 244.00, 'Account', 'Retail', 'Branch'),
(161921, 100258969689, '2021-08-15', 3921.00, 'Account', 'Retail', 'Branch'),
(714537, 100257324866, '2023-09-12', 4338.00, 'Mobile', 'Business', 'Online'),
(221640, 100257728309, '2018-06-07', 4685.00, 'Account', 'Retail', 'Branch'),
(935232, 100255824151, '2019-03-31', 4631.00, 'Mobile', 'Business', 'Online'),
(773048, 100254826920, '2022-11-24', 1752.00, 'Account', 'Retail', 'Branch'),
(928308, 100256657043, '2023-05-16', 1975.00, 'Withdrawal', 'Personal', 'ATM'),
(261070, 100253647806, '2018-07-09', 58.00, 'Withdrawal', 'Personal', 'ATM'),
(141402, 100257609243, '2019-02-26', 1118.00, 'Withdrawal', 'Personal', 'ATM'),
(138417, 100252095315, '2021-10-14', 4041.00, 'Mobile', 'Business', 'Online'),
(364590, 100256608905, '2021-02-25', 269.00, 'Account', 'Retail', 'Branch'),
(726248, 100255341445, '2020-02-05', 3042.00, 'Mobile', 'Business', 'Online'),
(573786, 100258337812, '2019-06-22', 1459.00, 'Account', 'Retail', 'Branch'),
(687382, 100251343917, '2022-06-01', 1972.00, 'Account', 'Retail', 'Branch'),
(136367, 100252949003, '2018-12-03', 4966.00, 'Account', 'Retail', 'Branch'),
(608989, 100251043872, '2019-08-16', 1092.00, 'Withdrawal', 'Personal', 'ATM'),
(919959, 100255693505, '2023-03-21', 580.00, 'Account', 'Retail', 'Branch'),
(917791, 100255221133, '2020-05-01', 1351.00, 'Account', 'Retail', 'Branch'),
(292364, 100252095315, '2021-10-14', 52.00, 'Withdrawal', 'Personal', 'ATM'),
(386656, 100252260630, '2019-04-27', 1539.00, 'Account', 'Retail', 'Branch'),
(423789, 100258969689, '2021-08-15', 3782.00, 'Account', 'Retail', 'Branch'),
(626398, 100259423427, '2022-04-02', 2134.00, 'Withdrawal', 'Personal', 'ATM'),
(450165, 100257338081, '2020-03-07', 4048.00, 'Account', 'Retail', 'Branch'),
(356291, 100254355540, '2019-12-14', 1225.00, 'Mobile', 'Business', 'Online'),
(419397, 100257411417, '2023-03-15', 4772.00, 'Mobile', 'Business', 'Online'),
(348740, 100255341445, '2020-02-05', 867.00, 'Mobile', 'Business', 'Online'),
(126496, 100258969689, '2021-08-15', 1833.00, 'Withdrawal', 'Personal', 'ATM'),
(439906, 100257127572, '2023-03-20', 4789.00, 'Mobile', 'Business', 'Online'),
(396026, 100259073506, '2019-08-20', 3050.00, 'Mobile', 'Business', 'Online'),
(239727, 100259386502, '2019-03-31', 3326.00, 'Mobile', 'Business', 'Online'),
(599222, 100253647806, '2018-07-09', 4235.00, 'Mobile', 'Business', 'Online'),
(429396, 100257625698, '2018-09-04', 2432.00, 'Withdrawal', 'Personal', 'ATM'),
(771907, 100255824151, '2019-03-31', 1510.00, 'Withdrawal', 'Personal', 'ATM'),
(963475, 100251564712, '2021-12-13', 4735.00, 'Withdrawal', 'Personal', 'ATM'),
(491980, 100258292069, '2019-08-16', 3921.00, 'Mobile', 'Business', 'Online'),
(654981, 100257338081, '2020-03-07', 2459.00, 'Account', 'Retail', 'Branch'),
(487426, 100254392488, '2020-01-13', 878.00, 'Account', 'Retail', 'Branch'),
(697010, 100253373050, '2024-01-04', 4349.00, 'Account', 'Retail', 'Branch'),
(657592, 100257625698, '2018-09-04', 532.00, 'Withdrawal', 'Personal', 'ATM'),
(816499, 100251239375, '2023-11-05', 4750.00, 'Account', 'Retail', 'Branch'),
(468120, 100254966386, '2020-06-30', 3930.00, 'Withdrawal', 'Personal', 'ATM'),
(421037, 100259073506, '2019-08-20', 2007.00, 'Account', 'Retail', 'Branch'),
(160195, 100258337812, '2019-06-22', 1057.00, 'Withdrawal', 'Personal', 'ATM'),
(603639, 100256552544, '2019-02-02', 3164.00, 'Account', 'Retail', 'Branch'),
(646376, 100252692881, '2022-02-07', 2396.00, 'Mobile', 'Business', 'Online'),
(477142, 100251303120, '2022-12-24', 3261.00, 'Withdrawal', 'Personal', 'ATM'),
(707867, 100256222766, '2021-11-13', 4977.00, 'Account', 'Retail', 'Branch'),
(513636, 100256995164, '2022-05-31', 485.00, 'Withdrawal', 'Personal', 'ATM'),
(432357, 100255221133, '2020-05-01', 3715.00, 'Withdrawal', 'Personal', 'ATM'),
(894360, 100255824151, '2019-03-31', 286.00, 'Withdrawal', 'Personal', 'ATM'),
(526660, 100252692881, '2022-02-07', 2137.00, 'Mobile', 'Business', 'Online'),
(316889, 100252120904, '2023-11-08', 2209.00, 'Mobile', 'Business', 'Online'),
(751546, 100251101451, '2020-05-31', 953.00, 'Mobile', 'Business', 'Online'),
(805884, 100252949003, '2018-12-03', 868.00, 'Account', 'Retail', 'Branch'),
(868649, 100253373050, '2024-01-04', 887.00, 'Account', 'Retail', 'Branch'),
(647913, 100251564712, '2021-12-13', 4696.00, 'Mobile', 'Business', 'Online'),
(113138, 100257994327, '2019-08-20', 2112.00, 'Withdrawal', 'Personal', 'ATM'),
(494555, 100259272910, '2019-03-26', 571.00, 'Account', 'Retail', 'Branch'),
(599728, 100253317945, '2022-06-04', 1230.00, 'Mobile', 'Business', 'Online'),
(517634, 100257324866, '2023-09-12', 4824.00, 'Withdrawal', 'Personal', 'ATM'),
(505518, 100255297950, '2019-01-30', 2652.00, 'Account', 'Retail', 'Branch'),
(972181, 100253373050, '2024-01-04', 4328.00, 'Mobile', 'Business', 'Online'),
(894078, 100251564712, '2021-12-13', 1100.00, 'Withdrawal', 'Personal', 'ATM'),
(333030, 100259810050, '2020-02-09', 3751.00, 'Account', 'Retail', 'Branch'),
(484623, 100255190619, '2022-06-29', 3968.00, 'Account', 'Retail', 'Branch'),
(479060, 100254966386, '2020-06-30', 1034.00, 'Withdrawal', 'Personal', 'ATM'),
(410210, 100256608905, '2021-02-25', 1528.00, 'Mobile', 'Business', 'Online'),
(261504, 100256995164, '2022-05-31', 1767.00, 'Account', 'Retail', 'Branch'),
(733141, 100251506191, '2018-04-16', 3543.00, 'Mobile', 'Business', 'Online'),
(183860, 100258969689, '2021-08-15', 3320.00, 'Account', 'Retail', 'Branch'),
(178205, 100254679534, '2023-08-13', 3059.00, 'Account', 'Retail', 'Branch'),
(363457, 100255030491, '2018-05-13', 711.00, 'Withdrawal', 'Personal', 'ATM'),
(135728, 100259767105, '2022-03-10', 1823.00, 'Account', 'Retail', 'Branch'),
(381748, 100258214236, '2022-12-21', 24.00, 'Withdrawal', 'Personal', 'ATM'),
(360842, 100254826920, '2022-11-24', 71.00, 'Account', 'Retail', 'Branch'),
(328856, 100257475666, '2021-09-16', 3238.00, 'Mobile', 'Business', 'Online'),
(686254, 100254679534, '2023-08-13', 4513.00, 'Mobile', 'Business', 'Online'),
(225213, 100257411417, '2023-03-15', 1622.00, 'Account', 'Retail', 'Branch'),
(641344, 100257411417, '2023-03-15', 3389.00, 'Withdrawal', 'Personal', 'ATM'),
(792597, 100254197988, '2019-05-24', 560.00, 'Withdrawal', 'Personal', 'ATM'),
(817042, 100253986463, '2023-05-16', 573.00, 'Mobile', 'Business', 'Online'),
(217047, 100254451566, '2021-10-15', 2389.00, 'Withdrawal', 'Personal', 'ATM'),
(813553, 100256483981, '2022-12-23', 4709.00, 'Mobile', 'Business', 'Online'),
(317270, 100259767105, '2022-03-10', 3230.00, 'Account', 'Retail', 'Branch'),
(312872, 100257728309, '2018-06-07', 1343.00, 'Mobile', 'Business', 'Online'),
(542864, 100259386502, '2019-03-31', 3115.00, 'Mobile', 'Business', 'Online'),
(230360, 100251564712, '2021-12-13', 4512.00, 'Account', 'Retail', 'Branch'),
(800138, 100258641745, '2020-01-07', 2049.00, 'Account', 'Retail', 'Branch'),
(864443, 100255693505, '2023-03-21', 612.00, 'Account', 'Retail', 'Branch'),
(149997, 100258423890, '2020-04-06', 465.00, 'Mobile', 'Business', 'Online'),
(702604, 100258585842, '2018-09-03', 1047.00, 'Mobile', 'Business', 'Online'),
(458235, 100251741737, '2022-06-30', 4505.00, 'Mobile', 'Business', 'Online'),
(731711, 100253986463, '2023-05-16', 4840.00, 'Account', 'Retail', 'Branch'),
(141604, 100257127572, '2023-03-20', 3507.00, 'Withdrawal', 'Personal', 'ATM'),
(636867, 100255824151, '2019-03-31', 4269.00, 'Mobile', 'Business', 'Online'),
(876681, 100254392488, '2020-01-13', 4828.00, 'Account', 'Retail', 'Branch'),
(900729, 100254679534, '2023-08-13', 4328.00, 'Account', 'Retail', 'Branch'),
(729511, 100256995164, '2022-05-31', 3331.00, 'Account', 'Retail', 'Branch'),
(245649, 100256655220, '2020-05-01', 3679.00, 'Withdrawal', 'Personal', 'ATM'),
(441544, 100259344834, '2024-01-07', 639.00, 'Account', 'Retail', 'Branch'),
(495830, 100258585842, '2018-09-03', 1207.00, 'Withdrawal', 'Personal', 'ATM'),
(116477, 100252915297, '2022-01-09', 4011.00, 'Mobile', 'Business', 'Online'),
(754911, 100255297950, '2019-01-30', 4969.00, 'Mobile', 'Business', 'Online'),
(848721, 100257819119, '2018-10-01', 387.00, 'Withdrawal', 'Personal', 'ATM'),
(167254, 100252331280, '2023-09-12', 2372.00, 'Mobile', 'Business', 'Online'),
(876139, 100259423427, '2022-04-02', 3763.00, 'Mobile', 'Business', 'Online'),
(944752, 100258720263, '2021-01-23', 3897.00, 'Withdrawal', 'Personal', 'ATM'),
(512014, 100252692881, '2022-02-07', 3631.00, 'Account', 'Retail', 'Branch'),
(713145, 100259810050, '2020-02-09', 3791.00, 'Withdrawal', 'Personal', 'ATM'),
(980374, 100258678427, '2023-11-07', 1175.00, 'Withdrawal', 'Personal', 'ATM'),
(719937, 100251303120, '2022-12-24', 474.00, 'Account', 'Retail', 'Branch'),
(387830, 100256655220, '2020-05-01', 4102.00, 'Account', 'Retail', 'Branch'),
(555195, 100251564712, '2021-12-13', 779.00, 'Mobile', 'Business', 'Online'),
(176305, 100255692273, '2020-04-07', 4383.00, 'Account', 'Retail', 'Branch'),
(790811, 100256222766, '2021-11-13', 1231.00, 'Withdrawal', 'Personal', 'ATM'),
(928632, 100259344834, '2024-01-07', 2626.00, 'Mobile', 'Business', 'Online'),
(697310, 100253317945, '2022-06-04', 3971.00, 'Withdrawal', 'Personal', 'ATM'),
(251615, 100257272542, '2021-11-10', 4636.00, 'Account', 'Retail', 'Branch'),
(934257, 100256552544, '2019-02-02', 2704.00, 'Mobile', 'Business', 'Online'),
(407544, 100258423890, '2020-04-06', 1052.00, 'Account', 'Retail', 'Branch'),
(570288, 100258969689, '2021-08-15', 4626.00, 'Withdrawal', 'Personal', 'ATM'),
(159075, 100255692273, '2020-04-07', 4666.00, 'Withdrawal', 'Personal', 'ATM'),
(527828, 100252095315, '2021-10-14', 2566.00, 'Mobile', 'Business', 'Online'),
(970186, 100255824151, '2019-03-31', 1602.00, 'Withdrawal', 'Personal', 'ATM'),
(208051, 100256725187, '2020-06-26', 3.00, 'Withdrawal', 'Personal', 'ATM'),
(196927, 100258214236, '2022-12-21', 2473.00, 'Withdrawal', 'Personal', 'ATM'),
(918660, 100251390850, '2020-08-26', 1057.00, 'Mobile', 'Business', 'Online'),
(644458, 100251115018, '2021-08-16', 4992.00, 'Account', 'Retail', 'Branch'),
(620455, 100252120904, '2023-11-08', 3484.00, 'Mobile', 'Business', 'Online'),
(392065, 100251239375, '2023-11-05', 2768.00, 'Mobile', 'Business', 'Online'),
(191587, 100259810050, '2020-02-09', 2281.00, 'Withdrawal', 'Personal', 'ATM'),
(118226, 100254966386, '2020-06-30', 4162.00, 'Withdrawal', 'Personal', 'ATM'),
(256907, 100252331280, '2023-09-12', 4656.00, 'Account', 'Retail', 'Branch'),
(333644, 100258720263, '2021-01-23', 2072.00, 'Mobile', 'Business', 'Online'),
(170753, 100255693505, '2023-03-21', 1804.00, 'Account', 'Retail', 'Branch'),
(311397, 100259283606, '2022-05-06', 730.00, 'Account', 'Retail', 'Branch'),
(957803, 100258635348, '2020-03-07', 216.00, 'Account', 'Retail', 'Branch'),
(781506, 100252137196, '2019-11-14', 3454.00, 'Mobile', 'Business', 'Online'),
(402352, 100251506191, '2018-04-16', 1341.00, 'Withdrawal', 'Personal', 'ATM'),
(282857, 100257338081, '2020-03-07', 2956.00, 'Withdrawal', 'Personal', 'ATM'),
(112760, 100256608905, '2021-02-25', 2084.00, 'Account', 'Retail', 'Branch'),
(258108, 100259386502, '2019-03-31', 1779.00, 'Account', 'Retail', 'Branch'),
(975249, 100257156394, '2018-09-08', 648.00, 'Mobile', 'Business', 'Online'),
(595125, 100259283606, '2022-05-06', 410.00, 'Account', 'Retail', 'Branch'),
(492964, 100259679344, '2022-03-09', 2864.00, 'Account', 'Retail', 'Branch'),
(378639, 100252260630, '2019-04-27', 4646.00, 'Withdrawal', 'Personal', 'ATM'),
(252817, 100254966386, '2020-06-30', 2527.00, 'Mobile', 'Business', 'Online'),
(629266, 100254850487, '2019-09-15', 541.00, 'Withdrawal', 'Personal', 'ATM'),
(207006, 100258317342, '2019-04-27', 4697.00, 'Mobile', 'Business', 'Online'),
(160088, 100255824151, '2019-03-31', 300.00, 'Mobile', 'Business', 'Online'),
(772784, 100253647806, '2018-07-09', 3229.00, 'Account', 'Retail', 'Branch'),
(385721, 100255190619, '2022-06-29', 4161.00, 'Account', 'Retail', 'Branch'),
(751158, 100254197988, '2019-05-24', 4533.00, 'Account', 'Retail', 'Branch'),
(734527, 100258214236, '2022-12-21', 3243.00, 'Mobile', 'Business', 'Online'),
(861030, 100257630845, '2019-06-22', 1453.00, 'Account', 'Retail', 'Branch'),
(340120, 100257411417, '2023-03-15', 3076.00, 'Account', 'Retail', 'Branch'),
(705407, 100255983733, '2023-11-10', 4466.00, 'Account', 'Retail', 'Branch'),
(459730, 100257625698, '2018-09-04', 1289.00, 'Mobile', 'Business', 'Online'),
(482558, 100251115018, '2021-08-16', 2428.00, 'Account', 'Retail', 'Branch'),
(576261, 100258214236, '2022-12-21', 1844.00, 'Mobile', 'Business', 'Online'),
(495778, 100254850487, '2019-09-15', 1458.00, 'Withdrawal', 'Personal', 'ATM'),
(267730, 100252260630, '2019-04-27', 677.00, 'Account', 'Retail', 'Branch'),
(914026, 100256071890, '2020-04-04', 1171.00, 'Mobile', 'Business', 'Online'),
(108356, 100255341445, '2020-02-05', 3223.00, 'Withdrawal', 'Personal', 'ATM'),
(588914, 100257475666, '2021-09-16', 1959.00, 'Account', 'Retail', 'Branch'),
(789500, 100254826920, '2022-11-24', 3971.00, 'Account', 'Retail', 'Branch'),
(230128, 100253373050, '2024-01-04', 1755.00, 'Withdrawal', 'Personal', 'ATM'),
(414970, 100257272542, '2021-11-10', 2228.00, 'Mobile', 'Business', 'Online'),
(858274, 100257609243, '2019-02-26', 3160.00, 'Account', 'Retail', 'Branch'),
(430354, 100254205745, '2021-04-20', 3124.00, 'Withdrawal', 'Personal', 'ATM'),
(237536, 100256655220, '2020-05-01', 3940.00, 'Account', 'Retail', 'Branch'),
(523966, 100253373050, '2024-01-04', 3756.00, 'Mobile', 'Business', 'Online'),
(411498, 100251115018, '2021-08-16', 2695.00, 'Mobile', 'Business', 'Online'),
(719845, 100255341445, '2020-02-05', 2313.00, 'Withdrawal', 'Personal', 'ATM'),
(918341, 100257625698, '2018-09-04', 1694.00, 'Withdrawal', 'Personal', 'ATM'),
(723015, 100253401698, '2020-01-10', 3782.00, 'Account', 'Retail', 'Branch'),
(226648, 100251741737, '2022-06-30', 1076.00, 'Withdrawal', 'Personal', 'ATM'),
(915727, 100256102313, '2023-01-18', 3488.00, 'Mobile', 'Business', 'Online'),
(281475, 100252692881, '2022-02-07', 2706.00, 'Mobile', 'Business', 'Online'),
(970972, 100257324866, '2023-09-12', 3525.00, 'Mobile', 'Business', 'Online'),
(226751, 100257895008, '2018-06-11', 235.00, 'Account', 'Retail', 'Branch'),
(339941, 100255030491, '2018-05-13', 4263.00, 'Withdrawal', 'Personal', 'ATM'),
(903968, 100259272910, '2019-03-26', 2818.00, 'Withdrawal', 'Personal', 'ATM'),
(185159, 100252938411, '2018-06-07', 3429.00, 'Withdrawal', 'Personal', 'ATM'),
(819769, 100259073506, '2019-08-20', 3374.00, 'Mobile', 'Business', 'Online'),
(271329, 100256657043, '2023-05-16', 4990.00, 'Withdrawal', 'Personal', 'ATM'),
(390449, 100256866206, '2022-02-09', 1400.00, 'Mobile', 'Business', 'Online'),
(442045, 100256608905, '2021-02-25', 121.00, 'Mobile', 'Business', 'Online'),
(478303, 100251115018, '2021-08-16', 1871.00, 'Mobile', 'Business', 'Online'),
(960870, 100257994327, '2019-08-20', 2221.00, 'Account', 'Retail', 'Branch'),
(812010, 100257994327, '2019-08-20', 4676.00, 'Withdrawal', 'Personal', 'ATM'),
(974849, 100257411417, '2023-03-15', 3673.00, 'Withdrawal', 'Personal', 'ATM'),
(235714, 100258317342, '2019-04-27', 4947.00, 'Mobile', 'Business', 'Online'),
(554167, 100252096053, '2020-09-25', 584.00, 'Account', 'Retail', 'Branch'),
(636130, 100255684426, '2023-04-18', 4467.00, 'Mobile', 'Business', 'Online'),
(397026, 100256608905, '2021-02-25', 932.00, 'Withdrawal', 'Personal', 'ATM'),
(143699, 100255684426, '2023-04-18', 1242.00, 'Withdrawal', 'Personal', 'ATM'),
(248139, 100253647806, '2018-07-09', 1820.00, 'Mobile', 'Business', 'Online'),
(465083, 100255190619, '2022-06-29', 1573.00, 'Account', 'Retail', 'Branch'),
(663274, 100257728309, '2018-06-07', 381.00, 'Withdrawal', 'Personal', 'ATM'),
(570374, 100258678427, '2023-11-07', 2188.00, 'Withdrawal', 'Personal', 'ATM'),
(376294, 100252331280, '2023-09-12', 4724.00, 'Account', 'Retail', 'Branch'),
(328911, 100251303120, '2022-12-24', 4314.00, 'Account', 'Retail', 'Branch'),
(808667, 100256257841, '2021-04-22', 2650.00, 'Mobile', 'Business', 'Online'),
(752674, 100251414290, '2021-07-21', 3422.00, 'Account', 'Retail', 'Branch'),
(498233, 100256995164, '2022-05-31', 3669.00, 'Account', 'Retail', 'Branch'),
(567713, 100256102313, '2023-01-18', 3141.00, 'Mobile', 'Business', 'Online'),
(581733, 100256102313, '2023-01-18', 2124.00, 'Account', 'Retail', 'Branch'),
(484162, 100251043872, '2019-08-16', 1341.00, 'Mobile', 'Business', 'Online'),
(182545, 100255693505, '2023-03-21', 2024.00, 'Mobile', 'Business', 'Online'),
(634492, 100253144534, '2019-01-02', 2326.00, 'Withdrawal', 'Personal', 'ATM'),
(482180, 100251303120, '2022-12-24', 3750.00, 'Withdrawal', 'Personal', 'ATM'),
(534933, 100251564712, '2021-12-13', 1302.00, 'Mobile', 'Business', 'Online'),
(896957, 100254679534, '2023-08-13', 4596.00, 'Account', 'Retail', 'Branch'),
(193578, 100253317945, '2022-06-04', 4535.00, 'Mobile', 'Business', 'Online'),
(927446, 100251115018, '2021-08-16', 3584.00, 'Account', 'Retail', 'Branch'),
(908684, 100259272910, '2019-03-26', 2615.00, 'Withdrawal', 'Personal', 'ATM'),
(744962, 100251343917, '2022-06-01', 703.00, 'Withdrawal', 'Personal', 'ATM'),
(357789, 100258214236, '2022-12-21', 1923.00, 'Account', 'Retail', 'Branch'),
(451113, 100253317945, '2022-06-04', 4929.00, 'Account', 'Retail', 'Branch'),
(955145, 100259679344, '2022-03-09', 1941.00, 'Withdrawal', 'Personal', 'ATM'),
(382688, 100256657043, '2023-05-16', 4158.00, 'Mobile', 'Business', 'Online'),
(131653, 100252120904, '2023-11-08', 1202.00, 'Withdrawal', 'Personal', 'ATM'),
(190266, 100255692273, '2020-04-07', 2453.00, 'Mobile', 'Business', 'Online'),
(259794, 100252120904, '2023-11-08', 259.00, 'Withdrawal', 'Personal', 'ATM'),
(371593, 100257156394, '2018-09-08', 3251.00, 'Withdrawal', 'Personal', 'ATM'),
(708937, 100256995164, '2022-05-31', 4247.00, 'Mobile', 'Business', 'Online'),
(479832, 100252095315, '2021-10-14', 776.00, 'Mobile', 'Business', 'Online'),
(791599, 100251390850, '2020-08-26', 758.00, 'Account', 'Retail', 'Branch'),
(995877, 100251493651, '2022-09-26', 4954.00, 'Account', 'Retail', 'Branch'),
(923791, 100255190619, '2022-06-29', 2058.00, 'Withdrawal', 'Personal', 'ATM'),
(524099, 100256866206, '2022-02-09', 3059.00, 'Mobile', 'Business', 'Online'),
(658509, 100254966386, '2020-06-30', 3274.00, 'Account', 'Retail', 'Branch'),
(749551, 100259272910, '2019-03-26', 3789.00, 'Withdrawal', 'Personal', 'ATM'),
(834273, 100251303120, '2022-12-24', 685.00, 'Account', 'Retail', 'Branch'),
(344554, 100256071890, '2020-04-04', 3888.00, 'Account', 'Retail', 'Branch'),
(970990, 100259810050, '2020-02-09', 1188.00, 'Mobile', 'Business', 'Online'),
(692727, 100254821670, '2021-10-14', 2485.00, 'Withdrawal', 'Personal', 'ATM'),
(172093, 100252938411, '2018-06-07', 2195.00, 'Account', 'Retail', 'Branch'),
(308316, 100255297950, '2019-01-30', 2570.00, 'Withdrawal', 'Personal', 'ATM'),
(917171, 100255297950, '2019-01-30', 3668.00, 'Withdrawal', 'Personal', 'ATM'),
(692640, 100259423427, '2022-04-02', 4662.00, 'Withdrawal', 'Personal', 'ATM'),
(765699, 100254821670, '2021-10-14', 1724.00, 'Mobile', 'Business', 'Online'),
(500407, 100254355540, '2019-12-14', 4304.00, 'Account', 'Retail', 'Branch'),
(194458, 100257156394, '2018-09-08', 3383.00, 'Account', 'Retail', 'Branch'),
(667624, 100253317945, '2022-06-04', 4247.00, 'Account', 'Retail', 'Branch'),
(863159, 100251239375, '2023-11-05', 1933.00, 'Mobile', 'Business', 'Online'),
(933833, 100255824151, '2019-03-31', 4996.00, 'Account', 'Retail', 'Branch'),
(312109, 100259423427, '2022-04-02', 4391.00, 'Account', 'Retail', 'Branch'),
(333571, 100258317342, '2019-04-27', 2241.00, 'Mobile', 'Business', 'Online'),
(930961, 100252949003, '2018-12-03', 3862.00, 'Withdrawal', 'Personal', 'ATM'),
(386350, 100258214236, '2022-12-21', 1308.00, 'Withdrawal', 'Personal', 'ATM'),
(734955, 100255692273, '2020-04-07', 2387.00, 'Account', 'Retail', 'Branch'),
(333595, 100253003490, '2021-04-20', 4517.00, 'Mobile', 'Business', 'Online'),
(653140, 100259344834, '2024-01-07', 333.00, 'Withdrawal', 'Personal', 'ATM'),
(978627, 100257728309, '2018-06-07', 719.00, 'Account', 'Retail', 'Branch'),
(848280, 100251493651, '2022-09-26', 541.00, 'Withdrawal', 'Personal', 'ATM'),
(551404, 100256655220, '2020-05-01', 3267.00, 'Mobile', 'Business', 'Online'),
(588607, 100254988745, '2022-06-01', 747.00, 'Withdrawal', 'Personal', 'ATM'),
(993781, 100251390850, '2020-08-26', 281.00, 'Account', 'Retail', 'Branch'),
(396790, 100251564712, '2021-12-13', 385.00, 'Account', 'Retail', 'Branch'),
(597372, 100256725187, '2020-06-26', 3202.00, 'Withdrawal', 'Personal', 'ATM'),
(833216, 100256071890, '2020-04-04', 3218.00, 'Mobile', 'Business', 'Online'),
(953905, 100256222766, '2021-11-13', 885.00, 'Mobile', 'Business', 'Online'),
(280777, 100255684426, '2023-04-18', 2663.00, 'Mobile', 'Business', 'Online'),
(121774, 100251414290, '2021-07-21', 1642.00, 'Mobile', 'Business', 'Online'),
(769269, 100257127572, '2023-03-20', 3524.00, 'Mobile', 'Business', 'Online'),
(140449, 100252137196, '2019-11-14', 1179.00, 'Mobile', 'Business', 'Online'),
(123858, 100258317342, '2019-04-27', 37.00, 'Account', 'Retail', 'Branch'),
(115363, 100255376444, '2022-10-28', 3330.00, 'Mobile', 'Business', 'Online'),
(767708, 100256866206, '2022-02-09', 4900.00, 'Mobile', 'Business', 'Online'),
(638081, 100255692273, '2020-04-07', 2309.00, 'Withdrawal', 'Personal', 'ATM'),
(850635, 100254197988, '2019-05-24', 2001.00, 'Account', 'Retail', 'Branch'),
(859170, 100254392488, '2020-01-13', 3545.00, 'Account', 'Retail', 'Branch'),
(843777, 100258969689, '2021-08-15', 4201.00, 'Withdrawal', 'Personal', 'ATM'),
(780272, 100253373050, '2024-01-04', 3414.00, 'Account', 'Retail', 'Branch'),
(642227, 100252331280, '2023-09-12', 2299.00, 'Withdrawal', 'Personal', 'ATM'),
(563227, 100257338081, '2020-03-07', 3543.00, 'Mobile', 'Business', 'Online'),
(422869, 100251303120, '2022-12-24', 4884.00, 'Mobile', 'Business', 'Online'),
(583786, 100252692881, '2022-02-07', 4303.00, 'Mobile', 'Business', 'Online'),
(434995, 100252938411, '2018-06-07', 2924.00, 'Account', 'Retail', 'Branch'),
(540148, 100258720263, '2021-01-23', 2457.00, 'Account', 'Retail', 'Branch'),
(961598, 100252096053, '2020-09-25', 4273.00, 'Mobile', 'Business', 'Online'),
(554029, 100251115018, '2021-08-16', 66.00, 'Mobile', 'Business', 'Online'),
(122116, 100252260630, '2019-04-27', 638.00, 'Mobile', 'Business', 'Online'),
(767998, 100253317945, '2022-06-04', 4787.00, 'Withdrawal', 'Personal', 'ATM'),
(403483, 100257272542, '2021-11-10', 4723.00, 'Withdrawal', 'Personal', 'ATM'),
(460955, 100258635348, '2020-03-07', 1234.00, 'Mobile', 'Business', 'Online'),
(511606, 100251390850, '2020-08-26', 3169.00, 'Mobile', 'Business', 'Online'),
(501133, 100257338081, '2020-03-07', 2429.00, 'Account', 'Retail', 'Branch'),
(849945, 100259679344, '2022-03-09', 667.00, 'Withdrawal', 'Personal', 'ATM'),
(652092, 100255693505, '2023-03-21', 1999.00, 'Mobile', 'Business', 'Online'),
(152593, 100254451566, '2021-10-15', 477.00, 'Mobile', 'Business', 'Online'),
(887805, 100254205745, '2021-04-20', 2816.00, 'Mobile', 'Business', 'Online'),
(572300, 100255190619, '2022-06-29', 78.00, 'Mobile', 'Business', 'Online'),
(699950, 100257272542, '2021-11-10', 2932.00, 'Account', 'Retail', 'Branch'),
(889180, 100255030491, '2018-05-13', 4368.00, 'Mobile', 'Business', 'Online'),
(721402, 100258292069, '2019-08-16', 4896.00, 'Account', 'Retail', 'Branch'),
(272660, 100251101451, '2020-05-31', 2643.00, 'Mobile', 'Business', 'Online'),
(470481, 100255692273, '2020-04-07', 2505.00, 'Mobile', 'Business', 'Online'),
(144935, 100255684426, '2023-04-18', 3443.00, 'Withdrawal', 'Personal', 'ATM'),
(920422, 100259767105, '2022-03-10', 2995.00, 'Mobile', 'Business', 'Online'),
(984860, 100252095315, '2021-10-14', 3666.00, 'Mobile', 'Business', 'Online'),
(541575, 100254850487, '2019-09-15', 864.00, 'Account', 'Retail', 'Branch'),
(277848, 100252692881, '2022-02-07', 4590.00, 'Mobile', 'Business', 'Online'),
(838388, 100255684426, '2023-04-18', 2916.00, 'Withdrawal', 'Personal', 'ATM'),
(858563, 100259767105, '2022-03-10', 4764.00, 'Mobile', 'Business', 'Online'),
(802216, 100251115018, '2021-08-16', 4431.00, 'Account', 'Retail', 'Branch'),
(854481, 100256483981, '2022-12-23', 4586.00, 'Account', 'Retail', 'Branch'),
(787315, 100256655220, '2020-05-01', 3976.00, 'Mobile', 'Business', 'Online'),
(564044, 100255983733, '2023-11-10', 2928.00, 'Mobile', 'Business', 'Online'),
(286012, 100256483981, '2022-12-23', 1591.00, 'Mobile', 'Business', 'Online'),
(693066, 100259283606, '2022-05-06', 932.00, 'Mobile', 'Business', 'Online'),
(500167, 100256552544, '2019-02-02', 4939.00, 'Account', 'Retail', 'Branch'),
(744710, 100252331280, '2023-09-12', 4560.00, 'Mobile', 'Business', 'Online'),
(916755, 100255341445, '2020-02-05', 3250.00, 'Withdrawal', 'Personal', 'ATM'),
(345337, 100252095315, '2021-10-14', 40.00, 'Mobile', 'Business', 'Online'),
(801160, 100256995164, '2022-05-31', 1578.00, 'Withdrawal', 'Personal', 'ATM'),
(720170, 100255684426, '2023-04-18', 1826.00, 'Account', 'Retail', 'Branch'),
(559552, 100256222766, '2021-11-13', 3294.00, 'Withdrawal', 'Personal', 'ATM'),
(599853, 100251101451, '2020-05-31', 2694.00, 'Account', 'Retail', 'Branch'),
(460132, 100258317342, '2019-04-27', 3046.00, 'Account', 'Retail', 'Branch'),
(206631, 100256071890, '2020-04-04', 1833.00, 'Account', 'Retail', 'Branch'),
(941528, 100251303120, '2022-12-24', 2616.00, 'Mobile', 'Business', 'Online'),
(827277, 100256725187, '2020-06-26', 4353.00, 'Account', 'Retail', 'Branch'),
(540800, 100252938411, '2018-06-07', 3444.00, 'Account', 'Retail', 'Branch'),
(895896, 100256483981, '2022-12-23', 1475.00, 'Mobile', 'Business', 'Online'),
(200644, 100259272910, '2019-03-26', 2685.00, 'Withdrawal', 'Personal', 'ATM'),
(998285, 100259386502, '2019-03-31', 2632.00, 'Withdrawal', 'Personal', 'ATM'),
(414151, 100254988745, '2022-06-01', 4309.00, 'Withdrawal', 'Personal', 'ATM'),
(142991, 100251303120, '2022-12-24', 1208.00, 'Mobile', 'Business', 'Online'),
(537303, 100254451566, '2021-10-15', 3519.00, 'Withdrawal', 'Personal', 'ATM'),
(954254, 100255030491, '2018-05-13', 3589.00, 'Mobile', 'Business', 'Online'),
(853026, 100257338081, '2020-03-07', 762.00, 'Account', 'Retail', 'Branch'),
(743821, 100259344834, '2024-01-07', 2927.00, 'Withdrawal', 'Personal', 'ATM'),
(729469, 100258292069, '2019-08-16', 1646.00, 'Account', 'Retail', 'Branch'),
(427583, 100257625698, '2018-09-04', 3719.00, 'Account', 'Retail', 'Branch'),
(153410, 100259969717, '2019-08-20', 4088.00, 'Withdrawal', 'Personal', 'ATM'),
(113337, 100256071890, '2020-04-04', 4562.00, 'Mobile', 'Business', 'Online'),
(614996, 100252915297, '2022-01-09', 4994.00, 'Account', 'Retail', 'Branch'),
(146185, 100256995164, '2022-05-31', 1475.00, 'Account', 'Retail', 'Branch'),
(364644, 100252692881, '2022-02-07', 3030.00, 'Account', 'Retail', 'Branch'),
(113473, 100257895008, '2018-06-11', 2576.00, 'Account', 'Retail', 'Branch'),
(585064, 100257324866, '2023-09-12', 2139.00, 'Withdrawal', 'Personal', 'ATM'),
(795416, 100259684508, '2022-11-23', 340.00, 'Account', 'Retail', 'Branch'),
(400620, 100258423890, '2020-04-06', 3015.00, 'Account', 'Retail', 'Branch'),
(947238, 100259767105, '2022-03-10', 2622.00, 'Withdrawal', 'Personal', 'ATM'),
(289848, 100258641745, '2020-01-07', 4542.00, 'Account', 'Retail', 'Branch'),
(878804, 100259073506, '2019-08-20', 2838.00, 'Mobile', 'Business', 'Online'),
(580685, 100258969689, '2021-08-15', 2000.00, 'Mobile', 'Business', 'Online'),
(851641, 100259423427, '2022-04-02', 4227.00, 'Withdrawal', 'Personal', 'ATM'),
(320673, 100259423427, '2022-04-02', 641.00, 'Account', 'Retail', 'Branch'),
(951787, 100256995164, '2022-05-31', 2696.00, 'Withdrawal', 'Personal', 'ATM'),
(702220, 100259767105, '2022-03-10', 252.00, 'Withdrawal', 'Personal', 'ATM'),
(720520, 100257728309, '2018-06-07', 4858.00, 'Account', 'Retail', 'Branch'),
(221097, 100251239375, '2023-11-05', 733.00, 'Withdrawal', 'Personal', 'ATM'),
(160358, 100259073506, '2019-08-20', 1961.00, 'Mobile', 'Business', 'Online'),
(740944, 100256552544, '2019-02-02', 2812.00, 'Withdrawal', 'Personal', 'ATM'),
(325897, 100257272542, '2021-11-10', 4243.00, 'Withdrawal', 'Personal', 'ATM'),
(331629, 100254205745, '2021-04-20', 1882.00, 'Account', 'Retail', 'Branch'),
(473880, 100258585842, '2018-09-03', 3563.00, 'Mobile', 'Business', 'Online'),
(855807, 100257338081, '2020-03-07', 2938.00, 'Account', 'Retail', 'Branch'),
(670344, 100258635348, '2020-03-07', 85.00, 'Withdrawal', 'Personal', 'ATM'),
(873336, 100258641745, '2020-01-07', 3423.00, 'Withdrawal', 'Personal', 'ATM'),
(712023, 100256102313, '2023-01-18', 4862.00, 'Account', 'Retail', 'Branch'),
(169604, 100251390850, '2020-08-26', 3663.00, 'Mobile', 'Business', 'Online'),
(588237, 100253003490, '2021-04-20', 778.00, 'Mobile', 'Business', 'Online'),
(651715, 100257156394, '2018-09-08', 4189.00, 'Account', 'Retail', 'Branch'),
(479702, 100258292069, '2019-08-16', 3049.00, 'Withdrawal', 'Personal', 'ATM'),
(305885, 100252949003, '2018-12-03', 1966.00, 'Mobile', 'Business', 'Online'),
(115593, 100257475666, '2021-09-16', 917.00, 'Mobile', 'Business', 'Online'),
(385350, 100256483981, '2022-12-23', 1715.00, 'Mobile', 'Business', 'Online'),
(548760, 100251390850, '2020-08-26', 4169.00, 'Account', 'Retail', 'Branch'),
(911041, 100259344834, '2024-01-07', 3923.00, 'Withdrawal', 'Personal', 'ATM'),
(603365, 100257272542, '2021-11-10', 3363.00, 'Withdrawal', 'Personal', 'ATM'),
(180505, 100254355540, '2019-12-14', 3956.00, 'Withdrawal', 'Personal', 'ATM'),
(383934, 100254679534, '2023-08-13', 2821.00, 'Withdrawal', 'Personal', 'ATM'),
(667904, 100259344834, '2024-01-07', 3863.00, 'Account', 'Retail', 'Branch'),
(406775, 100253144534, '2019-01-02', 3798.00, 'Withdrawal', 'Personal', 'ATM'),
(887329, 100254988745, '2022-06-01', 4830.00, 'Account', 'Retail', 'Branch'),
(155506, 100252938411, '2018-06-07', 4120.00, 'Withdrawal', 'Personal', 'ATM'),
(772529, 100255376444, '2022-10-28', 2685.00, 'Withdrawal', 'Personal', 'ATM'),
(575563, 100257630845, '2019-06-22', 4713.00, 'Withdrawal', 'Personal', 'ATM'),
(419693, 100255684426, '2023-04-18', 4551.00, 'Withdrawal', 'Personal', 'ATM'),
(903913, 100259423427, '2022-04-02', 1917.00, 'Mobile', 'Business', 'Online'),
(592056, 100259810050, '2020-02-09', 4115.00, 'Withdrawal', 'Personal', 'ATM'),
(895028, 100255341445, '2020-02-05', 3654.00, 'Withdrawal', 'Personal', 'ATM'),
(215471, 100256995164, '2022-05-31', 2993.00, 'Account', 'Retail', 'Branch'),
(380172, 100251741737, '2022-06-30', 1359.00, 'Account', 'Retail', 'Branch'),
(421796, 100251493651, '2022-09-26', 4884.00, 'Withdrawal', 'Personal', 'ATM'),
(302581, 100251506191, '2018-04-16', 2800.00, 'Withdrawal', 'Personal', 'ATM'),
(409373, 100256725187, '2020-06-26', 3975.00, 'Account', 'Retail', 'Branch'),
(632269, 100251414290, '2021-07-21', 33.00, 'Mobile', 'Business', 'Online'),
(581176, 100259283606, '2022-05-06', 4764.00, 'Withdrawal', 'Personal', 'ATM'),
(422390, 100251728802, '2019-10-16', 1629.00, 'Account', 'Retail', 'Branch'),
(122175, 100251506191, '2018-04-16', 908.00, 'Withdrawal', 'Personal', 'ATM'),
(280487, 100256725187, '2020-06-26', 726.00, 'Account', 'Retail', 'Branch'),
(399275, 100253986463, '2023-05-16', 2553.00, 'Account', 'Retail', 'Branch'),
(315728, 100252260630, '2019-04-27', 4696.00, 'Account', 'Retail', 'Branch'),
(868603, 100257609243, '2019-02-26', 1762.00, 'Withdrawal', 'Personal', 'ATM'),
(739110, 100257156394, '2018-09-08', 2226.00, 'Mobile', 'Business', 'Online'),
(215532, 100253003490, '2021-04-20', 3269.00, 'Withdrawal', 'Personal', 'ATM'),
(221657, 100251043872, '2019-08-16', 4194.00, 'Withdrawal', 'Personal', 'ATM'),
(388002, 100251493651, '2022-09-26', 2640.00, 'Mobile', 'Business', 'Online'),
(121546, 100258720263, '2021-01-23', 1946.00, 'Account', 'Retail', 'Branch'),
(770900, 100251343917, '2022-06-01', 4142.00, 'Withdrawal', 'Personal', 'ATM'),
(388251, 100252915297, '2022-01-09', 4675.00, 'Account', 'Retail', 'Branch'),
(496581, 100258585842, '2018-09-03', 354.00, 'Withdrawal', 'Personal', 'ATM'),
(444626, 100253401698, '2020-01-10', 4643.00, 'Withdrawal', 'Personal', 'ATM'),
(253184, 100251506191, '2018-04-16', 4152.00, 'Withdrawal', 'Personal', 'ATM'),
(859421, 100252096053, '2020-09-25', 31.00, 'Account', 'Retail', 'Branch'),
(321297, 100256608905, '2021-02-25', 449.00, 'Mobile', 'Business', 'Online'),
(178885, 100254988745, '2022-06-01', 3883.00, 'Mobile', 'Business', 'Online'),
(681109, 100251043872, '2019-08-16', 4555.00, 'Account', 'Retail', 'Branch'),
(301319, 100253144534, '2019-01-02', 2472.00, 'Account', 'Retail', 'Branch'),
(999332, 100259684508, '2022-11-23', 2618.00, 'Mobile', 'Business', 'Online'),
(444732, 100251414290, '2021-07-21', 3393.00, 'Mobile', 'Business', 'Online'),
(554963, 100255030491, '2018-05-13', 1169.00, 'Mobile', 'Business', 'Online');
